Track URI,ISRC,Track Name,Album Name,Artist Name(s),Release Date,Duration (ms),Popularity,Explicit,Added By,Added At,Genres,Record Label,Danceability,Energy,Key,Loudness,Mode,Speechiness,Acousticness,Instrumentalness,Liveness,Valence,Tempo,Time Signature
spotify:track:1p7m9H4H8s0Y7SgRm7j3ED,ES5019753004,"Flaca","Alta Suciedad","Andrés Calamaro",1997,277653,81,false,anitaguia,2020-01-05T04:00:37Z,"rock argentino,rock en español,rock latino","DRO/EastWest Spain",0.739,0.745,7,-6.658,1,0.0267,0.21,0.0135,0.127,0.949,109.326,4
spotify:track:6mOZfn6CVXsX1Tt0l3thm3,ES5019364003,"Sin documentos","¡Hasta luego!","Los Rodriguez",1996-05-21,285093,1,false,anitaguia,2020-01-05T04:00:56Z,"rock argentino,rock latino,rock en español","WM Spain",0.387,0.972,7,-2.84,0,0.101,0.565,0.00000483,0.0921,0.839,192.392,4
spotify:track:1ZGs4W7LBJy68hRPTsvMFc,ES5019564004,"Para no olvidar","Palabras más, palabras menos","Los Rodriguez",1995-05-21,234813,70,false,anitaguia,2020-01-05T04:01:00Z,"rock argentino,rock latino,rock en español","DRO/EastWest Spain",0.593,0.926,7,-3.696,0,0.0322,0.242,0.00000157,0.207,0.961,104.854,4
spotify:track:1J2XL5ciqUgCQ92TmFDAAZ,ES5019364002,"Dulce condena","¡Hasta luego!","Los Rodriguez",1996-05-21,281560,0,false,anitaguia,2020-01-05T04:01:06Z,"rock argentino,rock latino,rock en español","WM Spain",0.619,0.89,5,-4.705,1,0.0308,0.174,0,0.124,0.909,127.101,4
spotify:track:198qSChSMQFuSimdeeY9gK,ARFSB0800285,"Vasos Vacíos - Remasterizado 2008","El Ritmo Mundial","Los Fabulosos Cadillacs",1988-06-18,279986,73,false,anitaguia,2020-01-05T04:01:30Z,"rock en español,rock latino,rock argentino,alternativa latina,ska,ska mexicano,rock mexicano","Columbia",0.708,0.672,7,-5.538,1,0.0352,0.346,0.0000197,0.382,0.963,134.635,4
spotify:track:7d4pdMym8ZBOgf1oVPTiPb,ARFSB0800334,"Matador - Remasterizado 2008","Vasos Vacíos","Los Fabulosos Cadillacs",1993-06-18,275893,62,false,anitaguia,2020-01-05T04:01:36Z,"rock en español,rock latino,rock argentino,alternativa latina,ska,ska mexicano,rock mexicano","Epic",0.543,0.962,4,-5.337,0,0.106,0.0274,0.027,0.09,0.639,193.66,4
spotify:track:1orgfjGJoycODSItcGVatE,ARFSB0800321,"Siguiendo la Luna - Remasterizado 2008","El León","Los Fabulosos Cadillacs",1992-06-18,291973,72,false,anitaguia,2020-01-05T04:01:40Z,"rock en español,rock latino,rock argentino,alternativa latina,ska,ska mexicano,rock mexicano","Columbia",0.733,0.602,7,-7.65,1,0.084,0.0121,0.00000464,0.0642,0.832,80.472,4
spotify:track:41MfyUSxQoo1BgIsNj8eDS,ARFSB0800319,"Manuel Santillán, el León (Versión Reggae) - Remasterizado 2008","El León","Los Fabulosos Cadillacs",1992-06-18,237346,66,false,anitaguia,2020-01-05T04:01:44Z,"rock en español,rock latino,rock argentino,alternativa latina,ska,ska mexicano,rock mexicano","Columbia",0.765,0.849,7,-4.511,0,0.0287,0.133,0.000625,0.218,0.958,107.548,4
spotify:track:7nOt7uN0iXGuvLRVfvclg5,ARFSB0800889,"Padre Nuestro","La Luz Del Ritmo","Los Fabulosos Cadillacs",2008-07-14,272640,64,false,anitaguia,2020-01-05T04:01:57Z,"rock en español,rock latino,rock argentino,alternativa latina,ska,ska mexicano,rock mexicano","Ariola",0.647,0.602,4,-5.563,1,0.0895,0.0754,0,0.132,0.715,84.94,4
spotify:track:6ccAXgG6HuweRLBXU3amQ5,ARFSB0600190,"La Parte de Adelante","Calamaro Querido!! Cantando Al Salmón Parte 1","Los Fabulosos Cadillacs",2006-06-13,272840,53,false,anitaguia,2020-01-05T04:02:02Z,"rock en español,rock latino,rock argentino,alternativa latina,ska,ska mexicano,rock mexicano","Ariola",0.747,0.68,7,-5.877,0,0.0553,0.216,0.00000114,0.267,0.79,126.257,4
spotify:track:3ydweVPwq9PCEVJ8WwqT6u,ARF039600722,"Loco (Tu Forma De Ser)","El Milagro Argentino","Los Auténticos Decadentes",1989-06-27,313000,81,false,anitaguia,2020-01-05T04:02:11Z,"rock argentino,rock latino,rock en español,alternativa latina","RCA Records Label",0.742,0.61,9,-7.596,1,0.0853,0.175,0,0.0493,0.722,113.281,4
spotify:track:67VY2M8IZedcXJcy8LG5EH,USBL10000140,"Calaveras y Diablitos","Fabulosos Exitos","Los Fabulosos Cadillacs",2004,264026,50,false,anitaguia,2020-01-05T04:02:24Z,"rock en español,rock latino,rock argentino,alternativa latina,ska,ska mexicano,rock mexicano","RCA Records Label",0.701,0.46,9,-6.141,1,0.0421,0.511,0.0000984,0.214,0.853,92.725,4
spotify:track:38BgSgrjtPKDkFxykexEFu,ARFSB0800338,"El Satánico Dr. Cadillac (Versión '93) - Remasterizado 2008","Vasos Vacíos","Los Fabulosos Cadillacs",1993-06-18,256773,47,false,anitaguia,2020-01-05T04:02:30Z,"rock en español,rock latino,rock argentino,alternativa latina,ska,ska mexicano,rock mexicano","Epic",0.562,0.923,7,-5.166,1,0.0436,0.00432,0.00197,0.0513,0.793,113.853,4
spotify:track:12NW2sUhBFz5VUxDZTp3Op,ARF039501198,"Corazón","Mi Vida Loca","Los Auténticos Decadentes",1995-08-01,283053,67,false,anitaguia,2020-01-05T04:02:38Z,"rock argentino,rock latino,rock en español,alternativa latina","RCA Records Label",0.702,0.773,7,-7.265,1,0.044,0.489,0.00000324,0.0816,0.855,90.415,4
spotify:track:4OZDQWP8vOUtwunv0yKHZm,ARF470800264,"Besándote - En Vivo","Somos (En Vivo)","Los Auténticos Decadentes",2008,184346,48,false,anitaguia,2020-01-05T04:02:43Z,"rock argentino,rock latino,rock en español,alternativa latina","Pop Art",0.644,0.749,7,-7.85,1,0.0364,0.131,0,0.76,0.684,103.767,4
spotify:track:51EfqW1oAqxEvhH0IoIE5g,ARF471800071,"El Pájaro Vió el Cielo y Se Voló (Ft. Ulises Bueno) - MTV Unplugged","Fiesta Nacional (Mtv Unplugged)","Los Auténticos Decadentes;Ulises Bueno",2018-10-05,220736,39,false,anitaguia,2020-01-05T04:02:55Z,"rock argentino,rock latino,rock en español,alternativa latina,cuarteto,cumbia","Pop Art",0.462,0.873,9,-5.854,0,0.0826,0.0173,0,0.986,0.661,149.841,4
spotify:track:4k3K6Ke6KfAWb7zyQWrTEA,ARF049800185,"Pupilas Lejanas","Mystic Love","Los Pericos",1998-01-01,235200,71,false,anitaguia,2020-01-05T04:03:10Z,"reggae en español,rock argentino,reggae,rock latino,rock en español,alternativa latina","EMI Odeon S.A.I.C.",0.694,0.531,3,-8.43,1,0.0327,0.135,0,0.121,0.949,75.003,3
spotify:track:621PO8ZOWiVaPQmH0F83IJ,ARL291100007,"El Che y Los Rolling Stones","Canción Sin Tiempo","Los Rancheros;Martin ""Mono"" Fabio",2011-05-01,278944,47,false,anitaguia,2020-01-05T04:03:25Z,"rock argentino,rock en español,rock latino","Brano Media",0.478,0.863,9,-5.182,1,0.0342,0.00106,0,0.0949,0.801,135.935,4
spotify:track:4MUfyseJE4ziUEswzwrcK4,ARL291100012,"Lástima","Canción Sin Tiempo","Los Rancheros",2011-05-01,216119,35,false,anitaguia,2020-01-05T04:03:37Z,"rock argentino,rock en español,rock latino","Brano Media",0.644,0.719,9,-7.543,1,0.0271,0.0723,0,0.348,0.787,128.121,4
spotify:track:5w3GTe4W2fHBC3tLnqCr1B,ARF470600063,"Un Dia Perfecto","Sistema Nervioso Central","Estelares",2006-10-17,242932,66,false,anitaguia,2020-01-05T04:03:58Z,"rock argentino","Pop Art",0.462,0.902,0,-4.059,1,0.0649,0.000516,0.0000188,0.532,0.718,138.037,4
spotify:track:1LclQTL1W61TRCesAJzRJB,ARF471900026,"Ríos de Lava","Las Lunas","Estelares",2019-06-07,223692,47,false,anitaguia,2020-01-05T04:04:04Z,"rock argentino","Pop Art",0.596,0.81,9,-7.48,1,0.0273,0.000322,0,0.155,0.705,130.022,4
spotify:track:08MlcdHmD6lU6JcoSpob77,ARF471600086,"Es el Amor","Las Antenas","Estelares",2016-07-29,241986,62,false,anitaguia,2020-01-05T04:04:12Z,"rock argentino","Pop Art",0.68,0.766,2,-6.735,1,0.0295,0.184,0.00000285,0.0946,0.87,120.009,4
spotify:track:7q7XFO9av9VpNJSXKJwJxD,ARF850900145,"Personalmente","Despierta","Las Pelotas",2010-11-09,250357,68,false,anitaguia,2020-01-05T04:04:32Z,"rock argentino,rock en español,rock latino","Pop Art",0.559,0.711,11,-7.186,1,0.0269,0.333,0.00219,0.394,0.769,155.934,4
spotify:track:60IzIxSuVAtU71yCmHjxHH,ARA141400079,"Será","Esperando el Milagro","Las Pelotas",2003-07-01,181826,70,false,anitaguia,2020-01-05T04:04:37Z,"rock argentino,rock en español,rock latino","Pop Art",0.558,0.73,0,-6.664,0,0.0278,0.0293,0.00000494,0.475,0.873,127.973,4
spotify:track:3Jv8LcZju5hQioPJ93CNOy,ARF049800009,"Me Mata","A 15 Cm De La Realidad","Kapanga",1998-01-01,206493,50,false,anitaguia,2020-01-05T04:05:01Z,"rock argentino","EMI Argentina",0.499,0.89,9,-5.628,1,0.0381,0.00041,0.00546,0.0632,0.553,148.378,4
spotify:track:6VPIaZNNJFOY9U17geQz1o,ARF098400021,"Lunes Por La Madrugada","Himno De Mi Corazon","Los Abuelos De La Nada",1994-01-01,194226,67,false,anitaguia,2020-01-05T04:07:37Z,"rock argentino,rock en español,rock latino","Universal Music Argentina S.A.",0.604,0.594,2,-11.517,1,0.0309,0.0301,0,0.11,0.527,138.862,4
spotify:track:0aad6vDkOmu9d1aFNvOwYC,ARF099300073,"¿Qué Ves?","La Era De La Boludez","Divididos",1993,313733,66,false,anitaguia,2020-01-05T04:07:51Z,"rock argentino,rock en español,rock latino","Universal Music Argentina S.A.",0.869,0.53,9,-9.655,0,0.0698,0.0315,0.000123,0.0395,0.749,107.908,4
spotify:track:03ksBSATYMX1491yJ3mqok,ES71G1511394,"Sisters - En Directo","Vivo Acá (En Directo)","Divididos",2003,396626,0,false,anitaguia,2020-01-05T04:08:04Z,"rock argentino,rock en español,rock latino","300 Producciones|La Calandria",0.779,0.602,5,-8.78,1,0.0376,0.173,0.0139,0.141,0.467,98.847,4
spotify:track:7jcXQXxo0lvpwg2twqJpqc,AR6B51900044,"Quiero Que Me Llames","Cabildo y Juramento","Conociendo Rusia",2019-10-04,258106,61,false,anitaguia,2020-01-05T04:08:27Z,"rock argentino,indie latino","Geiser Discos",0.665,0.839,1,-4.383,1,0.0375,0.254,0.00000275,0.249,0.636,123.982,4
spotify:track:7m03gMMffsuRbxWhZO0ug7,ARF841800007,"Racat","Racat","Marilina Bertoldi",2018-05-18,193051,33,false,anitaguia,2020-01-05T04:14:52Z,"rock argentino,indie latino","Pelo Music S.A.",0.686,0.696,2,-6.738,1,0.0414,0.000539,0.0187,0.231,0.362,100.006,4
spotify:track:4L3TjNmQXBLC4zmqGCW5eM,ARF109902698,"Corazón Delator","Obras Cumbres","Soda Stereo",2001-01-29,313026,60,false,anitaguia,2020-01-05T04:18:05Z,"rock en español,rock latino,rock argentino,alternativa latina","Columbia",0.546,0.665,4,-7.259,0,0.0294,0.231,0.0299,0.277,0.412,85.298,4
spotify:track:4IDAiNW60yVQdkJ9Wdy1sg,ARF109902695,"Signos (Live)","Obras Cumbres","Soda Stereo",2001-01-29,383466,34,false,anitaguia,2020-01-05T04:19:12Z,"rock en español,rock latino,rock argentino,alternativa latina","Columbia",0.564,0.917,7,-5.653,1,0.0425,0.23,0.0205,0.702,0.17,125.201,4
spotify:track:5wjiZSbxaLyLpGimpwqh1H,ARF109902696,"En la Ciudad de la Furia","Obras Cumbres","Soda Stereo",2001-01-29,345533,71,false,anitaguia,2020-01-05T04:21:20Z,"rock en español,rock latino,rock argentino,alternativa latina","Columbia",0.615,0.833,2,-5.377,1,0.0292,0.19,0.696,0.463,0.731,126.519,4
spotify:track:6X3hbXaCuINOHylWtizU4t,ARF109900285,"Canción Animal","Obras Cumbres","Soda Stereo",2001-01-29,247693,39,false,anitaguia,2020-01-05T04:36:05Z,"rock en español,rock latino,rock argentino,alternativa latina","Columbia",0.634,0.864,4,-5.332,0,0.0273,0.00229,0.00443,0.34,0.739,104.718,4
spotify:track:2PkTjm1QAJCZbJ9MqC4RqA,ARF049602466,"11 Y 6","Giros","Fito Paez",1985-01-01,178266,71,false,anitaguia,2020-01-07T00:01:22Z,"rock argentino,rock latino,rock en español,trova","EMI Argentina",0.72,0.325,7,-16.922,1,0.0319,0.0756,0,0.308,0.318,101.3,4
spotify:track:3UA8Vjo0hQXGJnoeQF1SOL,ARF101700457,"Tu Vida Mi Vida","La Ciudad Liberada","Fito Paez",2017-11-24,252867,53,false,anitaguia,2020-01-07T00:01:28Z,"rock argentino,rock latino,rock en español,trova","Ariola",0.735,0.543,2,-14.276,0,0.0317,0.134,0,0.126,0.549,115.988,4
spotify:track:0fAkoHmERNn6PuRqfK7411,ARF049500539,"Polaroid De Locura Ordinaria","Ey!","Fito Paez",1988-01-01,209240,60,false,anitaguia,2020-01-07T00:01:37Z,"rock argentino,rock latino,rock en español,trova","EMI Argentina",0.729,0.524,7,-15.192,1,0.0366,0.364,0,0.322,0.617,112.044,4
spotify:track:0C9V5jMElp7laZZdsCHufD,ARF850400159,"Campanas en la Noche","Armando Camaleón","Los Tipitos",2004-08-01,237546,67,false,anitaguia,2020-01-07T00:40:01Z,"rock argentino,rock latino","Pop Art",0.636,0.593,4,-5.181,0,0.0567,0.303,0.0000141,0.108,0.742,145.972,4
spotify:track:13eb5Cw8ctrgZPH3y8zqn9,AR5CC8500010,"El Infierno Está Encantador Esta Noche","Gulp!","Patricio Rey y sus Redonditos de Ricota",1985-04-22,292360,0,false,anitaguia,2020-01-07T02:46:22Z,"rock argentino,rock latino","Patricio Rey Discos",0.663,0.755,7,-9.135,0,0.0281,0.0697,0.0000801,0.208,0.911,129.073,4
spotify:track:338wSZVu8Qh2JHUZYKIAWv,QM7281938353,"En la Frente","En la Frente","Barbi Recanati",2019-09-20,254467,10,false,anitaguia,2020-01-07T02:51:57Z,"indie latino,rock argentino","2019 Goza Records",0.501,0.674,6,-7.89,0,0.0311,0.0015,0.13,0.162,0.27,125.989,4
spotify:track:1MLEnLPwSy06fvO08JYFFI,ARF030500083,"Eiti Leda (feat. Gustavo Cerati)","Inconsciente Colectivo","Fabiana Cantilo;Gustavo Cerati",2005-07-26,275026,40,false,anitaguia,2020-01-07T02:55:15Z,"rock argentino,rock latino,rock en español,alternativa latina","Ariola",0.281,0.557,11,-6.035,1,0.0322,0.043,0.00000158,0.243,0.232,86.03,4
spotify:track:5pKVGrmItsCubKWTrYpxSZ,ARF030500071,"Amanece en la Ruta","Inconsciente Colectivo","Fabiana Cantilo",2005-07-26,194026,48,false,anitaguia,2020-01-07T02:55:23Z,"rock argentino,rock latino","Ariola",0.563,0.536,11,-6.308,0,0.0262,0.273,0,0.122,0.473,74.991,4
spotify:track:6zielPkg61vCK5DfqqvjE9,ARF040400447,"Magia Veneno","El Número Imperfecto","Catupecu Machu",2004-01-01,238573,63,false,anitaguia,2020-01-07T02:55:31Z,"rock argentino,rock latino","EMI Argentina",0.511,0.943,9,-3.838,1,0.0623,0.00305,0.0000278,0.0422,0.413,135.987,3
spotify:track:0ZAJ660VP57lLK4U7NlGOy,ARA140500003,"Nunca quise","Otro Día en el Planeta Tierra","Intoxicados",2005,260371,72,false,anitaguia,2020-01-07T02:55:38Z,"rock argentino,rock latino","Pop Art",0.709,0.787,9,-6.3,1,0.0279,0.0891,0,0.149,0.874,118.001,4
spotify:track:1MRhIdcloOD0uiiG3ybXGX,AR5CC9100003,"Un Poco de Amor Francés","La Mosca y la Sopa","Patricio Rey y sus Redonditos de Ricota",1991-09-27,206200,1,false,anitaguia,2020-11-16T21:43:42Z,"rock argentino,rock latino","Patricio Rey Discos",0.532,0.776,9,-7.873,0,0.03,0.024,0.000419,0.358,0.667,137.736,4
spotify:track:61WshNXtWtH8DzMoZA39JZ,ARG601101190,"Y Mientras Tanto el Sol Se Muere...","Porco Rex","Indio Solari;Los Fundamentalistas del Aire Acondicionado",2007,240800,0,false,anitaguia,2020-11-16T21:44:45Z,"rock argentino","Luzbola",0.363,0.768,11,-6.108,0,0.0325,0.0148,0.000113,0.179,0.592,163.923,4
spotify:track:4MjstyMMO5I6hch9GASIGb,USUM70506646,"Pequeños Sueños","GUAU!","Árbol",2005-01-01,174360,56,false,anitaguia,2020-11-16T21:47:09Z,"rock argentino,rock latino","Surco",0.611,0.766,4,-3.881,1,0.0282,0.0284,0.0000198,0.231,0.801,119.02,4
spotify:track:2mjtPZJEuPaUn4YD2s0BC8,ARG601300557,"Había una Vez ...","Pajaritos, Bravos Muchachitos","Indio Solari;Los Fundamentalistas del Aire Acondicionado",2013,268213,0,false,anitaguia,2020-11-16T21:48:27Z,"rock argentino","Luzbola",0.529,0.847,10,-3.742,1,0.0295,0.00078,0.0000108,0.23,0.725,106.994,4
spotify:track:4wjbUTC312rQO7rziAONDa,ARA140400001,"Sigue Girando","Girando","Ratones Paranoicos",2006-06-26,238506,59,false,anitaguia,2020-11-16T21:48:49Z,"rock argentino,rock latino","Pop Art",0.665,0.852,9,-3.252,0,0.0331,0.00338,0.0000416,0.151,0.952,120.044,4
spotify:track:6kH6b7sxXoccjzBikdwCJ3,ARF850000015,"Rock del gato - Vivo","Vivo Paranoico","Ratones Paranoicos",2000,254773,46,false,anitaguia,2020-11-16T21:52:03Z,"rock argentino,rock latino","Pop Art",0.483,0.967,9,-3.467,1,0.0778,0.416,0.108,0.927,0.629,118.667,4
spotify:track:1vbuhtvcvHBsbdFJgyZHCu,AR3691900023,"Pensar en Nada - En Vivo","Huracanes en Luna Plateada (En Vivo)","Los Piojos;León Gieco",2002-11-28,442826,0,false,anitaguia,2020-11-16T21:54:02Z,"rock argentino,rock latino,trova,nueva trova,folklore argentino,folklore latino,folk latino,murga","Bajo Licencia a ZARPA S.A.",0.458,0.962,2,-5.023,1,0.0731,0.116,0.621,0.968,0.465,147.651,4
spotify:track:7KEi5XL40fRcqyq9aUcDX6,ARF101700409,"Avanti Morocha (En Vivo Provincia Emergente)","Provincia Emergente Estadio Unico de La Plata (En Vivo)","Los Caballeros De La Quema",2017-11-10,334320,34,false,anitaguia,2020-11-16T21:55:57Z,"rock argentino,rock latino","Ariola",0.54,0.851,7,-6.186,1,0.0315,0.0906,0.000957,0.964,0.764,114.953,4
spotify:track:1g0mhq4ZDQE3cTd1XLcYVf,ARF030000816,"Sapo de Otro Pozo","Fulanos de Nadie","Los Caballeros De La Quema",2000-06-27,259146,61,false,anitaguia,2020-11-16T21:57:46Z,"rock argentino,rock latino","Ariola",0.632,0.771,7,-5.063,1,0.0353,0.503,0,0.141,0.723,113.23,4
spotify:track:3nnDwYz3dEd4p2ESdpS1G0,USA560696425,"Reyes de la Noche","Toro Rojo","Guasones",2005-01-01,250173,65,false,anitaguia,2020-11-16T21:58:08Z,"rock argentino","Pop Art",0.512,0.845,9,-3.164,1,0.0381,0.1,0.000353,0.264,0.659,139.955,4
spotify:track:134qy1huhbABWZV86Jy0l1,USA560696427,"Down","Toro Rojo","Guasones",2005-01-01,188586,52,false,anitaguia,2020-11-16T21:58:16Z,"rock argentino","Pop Art",0.747,0.706,2,-5.057,1,0.0408,0.0452,0.000114,0.091,0.971,128.008,4
spotify:track:08U9RmBOmlkokp676Sdaz7,ARUM71600027,"Luz De Día - En Vivo En El Gran Rex / 2015","Tanta Magia (En Vivo En El Gran Rex / 2015)","Coti",2016-06-10,238000,55,false,anitaguia,2020-11-16T22:00:11Z,"rock argentino,pop latino","Universal Music Argentina S.A.",0.517,0.925,0,-4.442,1,0.04,0.0516,0.00000274,0.683,0.359,129.044,4
spotify:track:1lAFWiaVhJhvQ5Gtzp6vSu,MXF110400445,"Tu Carcel - En Vivo","En Vivo","Los Enanitos Verdes",2004-01-01,242413,75,false,anitaguia,2020-11-16T22:01:17Z,"rock en español,rock latino,rock argentino,rock mexicano,alternativa latina","Universal Music Mexico",0.639,0.745,2,-5.455,1,0.0291,0.153,0.00000433,0.914,0.582,117.454,4
spotify:track:5PSCWHpXi8I45NXURHyhBA,USA560306758,"Auto Rojo","3980","Vilma Palma e Vampiros",1993,306000,70,false,anitaguia,2020-11-16T22:04:15Z,"rock en español,rock latino,rock argentino","BARCA DISCOS",0.764,0.82,1,-6.073,1,0.0441,0.158,0,0.0939,0.688,104.527,4
spotify:track:2FSYfKAApea3U42phhBOIc,USA560306760,"Bye Bye","La Pachanga","Vilma Palma e Vampiros",1991,349506,75,false,anitaguia,2020-11-16T22:04:26Z,"rock en español,rock latino,rock argentino","BARCA DISCOS",0.634,0.84,6,-5.933,1,0.0351,0.00168,0.0237,0.207,0.393,97.998,4
spotify:track:1x6bkwDyWIOZNFY5blRSs1,USA560306759,"La Pachanga","La Pachanga","Vilma Palma e Vampiros",1991,281933,69,false,anitaguia,2020-11-16T22:04:58Z,"rock en español,rock latino,rock argentino","BARCA DISCOS",0.681,0.918,9,-4.83,0,0.0508,0.00244,0.000535,0.119,0.551,105.031,4
spotify:track:7cwtDwkH0PHHQmfbkZM8Ox,ARF098600013,"Es Por Amor","GIT, El Album","GIT",1986-06-01,313840,63,false,anitaguia,2020-11-16T22:07:14Z,"rock latino,rock argentino,rock en español","Universal Music Argentina S.A.",0.839,0.448,5,-15.116,1,0.0389,0.0087,0.019,0.0606,0.919,131.698,4
spotify:track:0u5w3ehyNtTgSPvKVMU2xv,ARF098400029,"La Calle Es Su Lugar","Vol I","GIT",1986-01-01,266786,62,false,anitaguia,2020-11-16T22:09:10Z,"rock latino,rock argentino,rock en español","Universal Music Argentina S.A.",0.644,0.508,9,-13.678,1,0.0433,0.107,0.000083,0.15,0.883,155.633,4
spotify:track:2En6fFzzlzPLcV8sXwrx7X,ARF049800215,"Selva","Devorador De Corazones","La Portuaria",1993-01-01,248706,54,false,anitaguia,2020-11-16T22:11:52Z,"rock argentino,rock latino","EMI Argentina",0.636,0.52,11,-13.511,1,0.03,0.00168,0.00481,0.212,0.853,115.121,4
spotify:track:6SsOtB41HPvZdEFjtLUhop,ARF780300003,"Rock and Roll y Fiebre","Buscando un Amor","Pappo",2003-10-23,231906,52,false,anitaguia,2020-11-16T22:13:46Z,"rock argentino","Columbia",0.67,0.876,4,-5.395,1,0.0366,0.0376,0.0000327,0.186,0.906,136.064,4
spotify:track:2MXqrO1RBfek6RoijghYYp,ARF140300027,"Promesas Sobre El Bidet","Piano Bar","Charly García",1984-01-01,164360,64,false,anitaguia,2020-11-16T22:15:17Z,"rock argentino,rock latino,rock en español","Universal Music Argentina S.A.",0.786,0.621,7,-9.805,0,0.0282,0.576,0.000403,0.123,0.54,111.459,4
spotify:track:4VikOud5ZmdmHH6h7uQeDB,ARF098300015,"Nos Siguen Pegando Abajo","Clics Modernos","Charly García",1983-11-05,206720,67,false,anitaguia,2020-11-16T22:16:07Z,"rock argentino,rock latino,rock en español","Universal Music Argentina S.A.",0.655,0.894,2,-7.696,1,0.0994,0.0271,0.0684,0.0414,0.785,152.354,4
spotify:track:3IwQJDoMyWIRItTwUTBaeF,ARF098200029,"Yendo De La Cama Al Living","Cuarenta Obras Fundamentales (Volumen 2)","Charly García",2009-01-01,283760,16,false,anitaguia,2020-11-16T22:16:43Z,"rock argentino,rock latino,rock en español","Universal Music Argentina S.A.",0.658,0.433,7,-9.431,0,0.189,0.368,0.000291,0.13,0.588,80.113,4
spotify:track:6hmYi0E6EBEmDeztQHaH0C,ARF109902852,"Bajan","Artaud","Pescado Rabioso",1973-05-07,204466,61,false,anitaguia,2020-11-16T22:16:59Z,"rock argentino,rock latino,rock en español","Microfon",0.553,0.344,9,-13.237,1,0.0292,0.297,0.000453,0.236,0.293,87.432,4
spotify:track:6hFvPLfbASRL6DsRGCercA,ARF101600588,"Té para Tres (En Vivo Estadio Vélez Sarsfield) (feat. Gustavo Cerati)","Spinetta y Las Bandas Eternas","Luis Alberto Spinetta;Gustavo Cerati",2010-12-02,196453,53,false,anitaguia,2020-11-16T22:20:41Z,"rock argentino,rock latino,rock en español,alternativa latina","Columbia",0.259,0.619,2,-8.525,1,0.038,0.316,0.0000838,0.33,0.407,50.485,4
spotify:track:535rcofAUexzCqS9xHkVkv,ARP1D2000002,"Ya No Mires Atrás","Ya No Mires Atrás","Luis Alberto Spinetta",2020-01-23,223532,52,false,anitaguia,2020-11-16T22:22:08Z,"rock argentino,rock latino,rock en español","RCA Victor",0.65,0.524,6,-11.14,0,0.0276,0.435,0.00252,0.15,0.86,79.985,4
spotify:track:4xqttklZFV1w1RKjbVh4na,ARA141400006,"Brilla (Shine)","Corderos en la Noche","Las Pelotas",1991-07-01,190866,47,false,anitaguia,2020-11-16T22:25:28Z,"rock argentino,rock en español,rock latino","Pop Art",0.633,0.582,0,-13.84,1,0.0244,0.000367,0.132,0.309,0.873,100.546,4
spotify:track:4qlb4cHm1GmndU5p3Z5s4T,ARF851000023,"Se te nota","El Club De Los Martes","Los Tipitos",2010-11-11,239360,50,false,anitaguia,2020-11-16T22:25:41Z,"rock argentino,rock latino","Pop Art",0.589,0.677,0,-8.452,1,0.0242,0.00242,0.000222,0.241,0.702,134.962,4
spotify:track:2mwhpHdffNMQaDUQbTsPEd,ARF850100024,"Flasheadito","Vintage","Los Tipitos",2001-11-12,300625,21,false,anitaguia,2020-11-16T22:27:06Z,"rock argentino,rock latino","Pop Art",0.599,0.475,2,-5.999,1,0.0243,0.0896,0.0000153,0.118,0.372,87.976,4
spotify:track:2my7K20Fv5OtE27cjG9sfu,ES5022000312,"BUENOS AIRES","Calambre","NATHY PELUSO",2020-10-02,240315,63,false,anitaguia,2020-11-16T22:27:43Z,"","Sony Music Entertainment",0.562,0.531,5,-8.706,0,0.0685,0.199,0.00144,0.109,0.624,83.937,4
spotify:track:1426f7xQMhO5HTvKpv7TbI,ARF841600004,"Enterrarte","Sexo Con Modelos","Marilina Bertoldi",2016-04-22,207933,42,false,anitaguia,2020-11-16T22:28:43Z,"rock argentino,indie latino","Pelo Music S.A.",0.532,0.751,2,-4.726,1,0.029,0.00458,0,0.11,0.177,125.895,3
spotify:track:1bOJr9cWKEDAiJxRaHThrT,ARF119400075,"Fue amor","Tercer Mundo","Fito Paez",1990-06-24,253373,61,false,anitaguia,2020-11-16T22:35:07Z,"rock argentino,rock latino,rock en español,trova","WM Argentina",0.648,0.735,0,-8.692,1,0.0276,0.208,0.00000335,0.133,0.736,117.835,4
spotify:track:5VizzlCG9Dk90xauIBB0Ym,QZ5AB1962646,"Teoria Espacial","Teoria Espacial","Barbi Recanati",2018-06-29,230833,39,false,anitaguia,2020-11-16T22:36:06Z,"indie latino,rock argentino","Goza Records",0.557,0.564,8,-7.762,1,0.0317,0.00293,0.00931,0.107,0.832,117.977,4
spotify:track:0dsViRiDTIuexAL42Nc1Kh,ARF470400014,"Irresponsables","Infame","Babasonicos",2003-10-19,156197,73,false,anitaguia,2020-11-16T22:49:27Z,"rock argentino,rock en español,rock latino,alternativa latina","Pop Art",0.58,0.929,4,-4.849,0,0.0388,0.0629,0.000223,0.23,0.884,94.995,4
spotify:track:6OKhBvddAlWxxFnjbpilhu,ARF109400173,"La Muralla Verde","Contrareloj","Los Enanitos Verdes",1986-11-20,161440,78,false,anitaguia,2020-11-16T22:55:53Z,"rock en español,rock latino,rock argentino,rock mexicano,alternativa latina","Columbia",0.717,0.837,8,-6.968,0,0.0282,0.155,0.0000115,0.422,0.919,129.881,4
spotify:track:2E2dLZK0gSTl6vjr53BfKM,ARF040400453,"A Veces Vuelvo","El Número Imperfecto","Catupecu Machu",2004-01-01,266133,65,false,anitaguia,2024-03-14T05:14:01Z,"rock argentino,rock latino","EMI Argentina",0.596,0.83,1,-4.256,1,0.0353,0.0189,0,0.0429,0.607,126.565,4
spotify:track:7L2arBxHMxVXbWQzaHKgnY,ARF470100013,"Los Calientes","Jessico","Babasonicos",2001-07-25,277011,63,false,anitaguia,2024-03-14T05:14:06Z,"rock argentino,rock en español,rock latino,alternativa latina","Pop Art",0.61,0.921,4,-4.184,0,0.0349,0.00352,0.341,0.223,0.631,108.032,4
spotify:track:4MYOJ2AhfzdoPAjwHg79LS,ARF119900056,"Dos en la ciudad","Abre","Fito Paez",1999-07-27,342160,58,false,anitaguia,2024-03-14T05:14:11Z,"rock argentino,rock latino,rock en español,trova","WM Argentina",0.635,0.632,7,-8.769,1,0.0305,0.0205,0.0000809,0.197,0.547,103.022,4
spotify:track:46lIx69EL4rkLtlfqoomyw,ARF109500358,"Amor Descartable","Relax","Virus",1984-04-29,210426,64,false,anitaguia,2024-03-14T05:14:14Z,"rock argentino,rock latino,rock en español","Columbia",0.803,0.851,5,-5.102,1,0.0451,0.197,0.00000237,0.0795,0.936,125.225,4
spotify:track:0i2elQQdEZwsDX5icf0Co8,ARF851400004,"Fue Tan Bueno","Nada Es Tarde","La Franela;Emiliano Brancciari",2014-04-29,295373,60,false,anitaguia,2024-03-14T05:14:22Z,"rock argentino,murga","Pop Art",0.641,0.516,4,-6.857,0,0.0256,0.0177,0,0.0927,0.745,94.005,4
spotify:track:4smTDf8dKkZXxz66uv5w43,ARF039501203,"El Pájaro Vio el Cielo y Se Voló","Mi Vida Loca","Los Auténticos Decadentes",1995-08-01,261466,59,false,anitaguia,2024-03-14T05:14:37Z,"rock argentino,rock latino,rock en español,alternativa latina","RCA Records Label",0.714,0.636,0,-7.012,1,0.0263,0.0148,0.0000117,0.0628,0.669,122.402,4
spotify:track:4PfoTZ8nDhWEZNeDpLxy7G,USA560696214,"Magia Blanca","Para Mi para Vos","Turf",2004-01-01,261971,66,false,anitaguia,2024-03-14T05:14:57Z,"rock argentino,rock latino","Pop Art",0.632,0.576,7,-7.119,1,0.0248,0.0488,0.0000876,0.111,0.809,103.021,4
spotify:track:6cFf4Jfy7ThUwGzbqFcZsx,ARF470600065,"Ella Dijo","Sistema Nervioso Central","Estelares;Jorge Serrano",2006-10-17,284531,69,false,anitaguia,2024-03-14T05:15:37Z,"rock argentino","Pop Art",0.418,0.558,7,-7.953,1,0.0256,0.104,0,0.12,0.523,83.907,4
spotify:track:7B8W8kfQwcVubGo2EGosID,ARF040200161,"Influencia","Influencia","Charly García",2002-01-01,330840,58,false,anitaguia,2024-03-14T05:15:53Z,"rock argentino,rock latino,rock en español","EMI Argentina",0.668,0.704,4,-6.668,0,0.0323,0.0177,0.00000476,0.0621,0.793,110.001,4
spotify:track:1PSsStvZmJsU3CiJg8hRAx,ARF049601430,"Ciudad De Pobres Corazones","Ciudad De Pobres Corazones","Fito Paez",1987-01-01,328800,53,false,anitaguia,2024-03-14T05:16:20Z,"rock argentino,rock latino,rock en español,trova","EMI Argentina",0.574,0.628,5,-7.221,1,0.0252,0.366,0.00102,0.188,0.652,99.691,4
spotify:track:2pmHBQiIjVfTyn3p1rRbSB,ARF140300080,"Esta Saliendo El Sol","No Es Solo Rock And Roll","Intoxicados",2003-01-01,248600,67,false,anitaguia,2024-03-14T05:16:27Z,"rock argentino,rock latino","Universal Music Argentina S.A.",0.695,0.68,9,-7.629,1,0.0264,0.0168,0.039,0.33,0.887,122.967,4
spotify:track:6iCnJkKswtMYoSmT58HmEn,USA560696240,"Un Osito de Peluche de Taiwán","Sigue Tu Camino","Los Auténticos Decadentes",2003-01-01,247453,73,false,anitaguia,2024-03-14T05:16:29Z,"rock argentino,rock latino,rock en español,alternativa latina","Pop Art",0.661,0.964,2,-4.105,1,0.0364,0.0532,0,0.11,0.597,101.984,4
spotify:track:6BHlafXY1L2eetDCwict05,AR5CC8500002,"La Bestia Pop","Gulp!","Patricio Rey y sus Redonditos de Ricota",1985-04-22,247066,69,false,anitaguia,2024-03-14T05:16:49Z,"rock argentino,rock latino","Patricio Rey Discos",0.639,0.673,7,-10.14,1,0.0345,0.0466,0.13,0.0612,0.827,120.675,4
spotify:track:2LPq1zhFHJsCgXXKDA4RFd,ARF851500062,"Víctimas del Cielo","Brindando por Nada","Las Pelotas",2016-03-18,253466,59,false,anitaguia,2024-03-14T05:16:53Z,"rock argentino,rock en español,rock latino","Pop Art",0.506,0.724,9,-7.462,1,0.0259,0.104,0.00103,0.0913,0.586,95.998,4
spotify:track:75dqA2rQHnUtP7XjvkmKh2,ARF149900155,"Todo Sigue Igual","Especial","Viejas Locas",1999-01-01,214600,67,false,anitaguia,2024-03-14T05:17:01Z,"rock argentino","Universal Music S.A.",0.545,0.978,10,-4.937,1,0.0364,0.0167,0.0000153,0.0787,0.871,133.016,4
spotify:track:2u6Lstxqcg5KtJhCivR87d,MXF011600151,"Vampi - En Vivo","Desde Adentro - Impuesto de Fe (En Vivo)","Babasonicos",2016-05-20,180653,63,false,anitaguia,2024-03-14T05:17:33Z,"rock argentino,rock en español,rock latino,alternativa latina","RCA Records Label",0.743,0.7,7,-6.277,1,0.0286,0.26,0.00000287,0.962,0.934,111.991,4
spotify:track:3tM9FUE7ETqnMQJMnCKLBw,USUM70506575,"Trenes, Camiones Y Tractores","GUAU!","Árbol",2005-01-01,211466,56,false,anitaguia,2024-03-14T05:17:37Z,"rock argentino,rock latino","Surco",0.72,0.637,7,-3.783,1,0.0435,0.436,0,0.134,0.726,147.003,4
spotify:track:7fb6cCaSVGF9lGfAg4cxFi,USBL10800079,"Vos Sabes - Versión Remasterizada 2008","La Marcha Del Golazo Solitario","Los Fabulosos Cadillacs",1999,189893,54,false,anitaguia,2024-03-14T05:17:52Z,"rock en español,rock latino,rock argentino,alternativa latina,ska,ska mexicano,rock mexicano","Sony Music Latin",0.707,0.848,9,-6.095,1,0.0665,0.148,0.00694,0.127,0.867,114.669,4
spotify:track:060aWWmC9CrLqbhzHQifQf,ARF039600766,"Entre Canibales - MTV Unplugged","Comfort Y Musica Para Volar","Soda Stereo",1996-09-01,294146,60,false,anitaguia,2024-03-14T05:18:27Z,"rock en español,rock latino,rock argentino,alternativa latina","Ariola",0.635,0.677,4,-7.149,0,0.0278,0.018,0.0154,0.946,0.536,110.927,4
spotify:track:61qPUnazSdkvua4wgA4L8C,ARUM70800269,"Como Eran Las Cosas","Mucho","Babasonicos",2008-01-01,240520,74,false,anitaguia,2024-03-14T05:18:42Z,"rock argentino,rock en español,rock latino,alternativa latina","Universal Music Argentina S.A.",0.696,0.445,1,-9.114,1,0.0316,0.463,0.0000172,0.0918,0.591,94.984,4
spotify:track:0LTCld7MYVKCAGpi05szyV,ARF099100040,"Ala Delta","Acariciando Lo Aspero","Divididos",1991,354746,61,false,anitaguia,2024-03-14T05:18:51Z,"rock argentino,rock en español,rock latino","Universal Music Argentina S.A.",0.555,0.622,9,-12.244,1,0.0311,0.00208,0.162,0.147,0.734,156.421,4
spotify:track:1AYgMuI3cgL5EjnfhnZVoq,ARUM70800266,"Pijamas","Mucho","Babasonicos",2008-01-01,209920,66,false,anitaguia,2024-03-14T05:18:57Z,"rock argentino,rock en español,rock latino,alternativa latina","Universal Music Argentina S.A.",0.624,0.896,1,-6.484,0,0.0318,0.0877,0.000186,0.0889,0.832,137.984,4
spotify:track:4jVwWdl8GYpURRDRV0ZWMG,ARF471200050,"Sólo por Hoy (Chica Oriental)","El Costado Izquierdo","Estelares",2012-06-21,243104,55,false,anitaguia,2024-03-14T05:19:16Z,"rock argentino","Pop Art",0.728,0.744,0,-6.774,1,0.0252,0.00695,0,0.146,0.745,129.989,4
spotify:track:0wUFXsXHZc2h6wKRcmJNWF,ARF039901448,"Par Mil","Narigón del Siglo, Yo Te Dejo Perfumado en la Esquina para Siempre","Divididos",2000-02-14,198706,56,false,anitaguia,2024-03-14T05:19:40Z,"rock argentino,rock en español,rock latino","Ariola",0.549,0.707,7,-9.183,1,0.0273,0.0884,0.00013,0.577,0.777,129.963,4
